strategy,run,iteration,value
ring,0,1,0.5798990726470947
ring,0,2,0.7945480346679688
ring,0,3,1.0094599723815918
ring,0,4,1.2140421867370605
ring,0,5,1.572674036026001
ring,0,6,1.7826390266418457
ring,0,7,1.9916002750396729
ring,0,8,2.206576108932495
ring,0,9,2.416872978210449
ring,0,10,2.6219630241394043
ring,0,11,2.8282392024993896
ring,0,12,3.0778939723968506
ring,0,13,3.286755084991455
ring,0,14,3.5096981525421143
ring,0,15,3.718653917312622
ring,0,16,3.923943042755127
ring,0,17,4.139408826828003
ring,0,18,4.3508360385894775
ring,0,19,4.5571441650390625
ring,0,20,4.760772228240967
ring,0,21,5.001871109008789
ring,0,22,5.214007139205933
ring,0,23,5.420236110687256
ring,0,24,5.637171983718872
ring,0,25,5.850252151489258
ring,0,26,6.059343099594116
ring,0,27,6.2709550857543945
ring,0,28,6.479075193405151
ring,0,29,6.6900129318237305
ring,0,30,6.8966710567474365
ring,1,1,0.4959139823913574
ring,1,2,0.7018139362335205
ring,1,3,0.9078447818756104
ring,1,4,1.1170828342437744
ring,1,5,1.3552539348602295
ring,1,6,1.5642061233520508
ring,1,7,1.7811510562896729
ring,1,8,1.9874579906463623
ring,1,9,2.1951260566711426
ring,1,10,2.399317979812622
ring,1,11,2.6079208850860596
ring,1,12,2.8225080966949463
ring,1,13,3.0311779975891113
ring,1,14,3.2375340461730957
ring,1,15,3.44305682182312
ring,1,16,3.6538760662078857
ring,1,17,3.862455129623413
ring,1,18,4.0656418800354
ring,1,19,4.269507169723511
ring,1,20,4.4808268547058105
ring,1,21,4.689328908920288
ring,1,22,5.022464036941528
ring,1,23,5.230358123779297
ring,1,24,5.441133975982666
ring,1,25,5.645359754562378
ring,1,26,5.85574197769165
ring,1,27,6.061522006988525
ring,1,28,6.265415906906128
ring,1,29,6.473557949066162
ring,1,30,6.682704925537109
ring,2,1,0.492933988571167
ring,2,2,0.6993570327758789
ring,2,3,0.9042470455169678
ring,2,4,1.1103110313415527
ring,2,5,1.315403938293457
ring,2,6,1.6434800624847412
ring,2,7,1.8490118980407715
ring,2,8,2.0504369735717773
ring,2,9,2.2570669651031494
ring,2,10,2.4811549186706543
ring,2,11,2.681257963180542
ring,2,12,2.8923990726470947
ring,2,13,3.0973470211029053
ring,2,14,3.30298113822937
ring,2,15,3.5098421573638916
ring,2,16,3.719964027404785
ring,2,17,3.9235999584198
ring,2,18,4.13311505317688
ring,2,19,4.3384950160980225
ring,2,20,4.540287971496582
ring,2,21,4.747127056121826
ring,2,22,4.985351800918579
ring,2,23,5.189586162567139
ring,2,24,5.394695043563843
ring,2,25,5.6227030754089355
ring,2,26,5.829741954803467
ring,2,27,6.0392420291900635
ring,2,28,6.254995822906494
ring,2,29,6.466381072998047
ring,2,30,6.6951868534088135
ring,3,1,0.5178790092468262
ring,3,2,0.7668170928955078
ring,3,3,1.0058541297912598
ring,3,4,1.2097971439361572
ring,3,5,1.4274308681488037
ring,3,6,1.6767621040344238
ring,3,7,1.9107122421264648
ring,3,8,2.134106159210205
ring,3,9,2.3403351306915283
ring,3,10,2.5480189323425293
ring,3,11,2.7833709716796875
ring,3,12,3.0008251667022705
ring,3,13,3.200705051422119
ring,3,14,3.403472900390625
ring,3,15,3.616664171218872
ring,3,16,3.8292019367218018
ring,3,17,4.037189960479736
ring,3,18,4.246287107467651
ring,3,19,4.45854115486145
ring,3,20,4.67179012298584
ring,3,21,4.879279136657715
ring,3,22,5.089675188064575
ring,3,23,5.477729082107544
ring,3,24,5.685849189758301
ring,3,25,5.89226508140564
ring,3,26,6.096136093139648
ring,3,27,6.296720266342163
ring,3,28,6.508050918579102
ring,3,29,6.709741115570068
ring,3,30,6.926473140716553
ring,4,1,0.49340224266052246
ring,4,2,0.6990420818328857
ring,4,3,0.9015920162200928
ring,4,4,1.1058502197265625
ring,4,5,1.3029930591583252
ring,4,6,1.5038690567016602
ring,4,7,1.8283588886260986
ring,4,8,2.0342400074005127
ring,4,9,2.239443063735962
ring,4,10,2.447972059249878
ring,4,11,2.6554901599884033
ring,4,12,2.8734049797058105
ring,4,13,3.087238073348999
ring,4,14,3.2916340827941895
ring,4,15,3.5017640590667725
ring,4,16,3.7223119735717773
ring,4,17,3.9370131492614746
ring,4,18,4.142670154571533
ring,4,19,4.352093935012817
ring,4,20,4.5557050704956055
ring,4,21,4.760821104049683
ring,4,22,4.96832013130188
ring,4,23,5.210651874542236
ring,4,24,5.420278072357178
ring,4,25,5.626107215881348
ring,4,26,5.837162017822266
ring,4,27,6.041346073150635
ring,4,28,6.244394063949585
ring,4,29,6.4532880783081055
ring,4,30,6.662996053695679
ring,5,1,0.5111210346221924
ring,5,2,0.7145509719848633
ring,5,3,0.9230449199676514
ring,5,4,1.124871015548706
ring,5,5,1.3320989608764648
ring,5,6,1.5414810180664062
ring,5,7,1.799185037612915
ring,5,8,2.0050270557403564
ring,5,9,2.2136359214782715
ring,5,10,2.4253389835357666
ring,5,11,2.624912977218628
ring,5,12,2.830286979675293
ring,5,13,3.038470983505249
ring,5,14,3.2385928630828857
ring,5,15,3.446668863296509
ring,5,16,3.6507198810577393
ring,5,17,3.855860948562622
ring,5,18,4.092029094696045
ring,5,19,4.3336169719696045
ring,5,20,4.5826239585876465
ring,5,21,4.824846982955933
ring,5,22,5.0668299198150635
ring,5,23,5.308701992034912
ring,5,24,5.671041011810303
ring,5,25,5.912149906158447
ring,5,26,6.124766111373901
ring,5,27,6.337601900100708
ring,5,28,6.542876958847046
ring,5,29,6.749557971954346
ring,5,30,6.954690933227539
ring,6,1,0.4974188804626465
ring,6,2,0.7024340629577637
ring,6,3,0.9083108901977539
ring,6,4,1.117055892944336
ring,6,5,1.3257691860198975
ring,6,6,1.5257792472839355
ring,6,7,1.7304050922393799
ring,6,8,2.050035238265991
ring,6,9,2.2628259658813477
ring,6,10,2.4993550777435303
ring,6,11,2.707361936569214
ring,6,12,2.9169580936431885
ring,6,13,3.121317148208618
ring,6,14,3.3346030712127686
ring,6,15,3.538036823272705
ring,6,16,3.7459309101104736
ring,6,17,3.9647369384765625
ring,6,18,4.186284065246582
ring,6,19,4.39600396156311
ring,6,20,4.610623836517334
ring,6,21,4.817077875137329
ring,6,22,5.022447109222412
ring,6,23,5.239911079406738
ring,6,24,5.502496957778931
ring,6,25,5.732370138168335
ring,6,26,5.98364520072937
ring,6,27,6.212609052658081
ring,6,28,6.438259124755859
ring,6,29,6.663052082061768
ring,6,30,6.8835790157318115
ring,7,1,0.5106837749481201
ring,7,2,0.71651291847229
ring,7,3,0.9207689762115479
ring,7,4,1.126446008682251
ring,7,5,1.3359990119934082
ring,7,6,1.5397307872772217
ring,7,7,1.7412729263305664
ring,7,8,1.9960908889770508
ring,7,9,2.206346035003662
ring,7,10,2.4104089736938477
ring,7,11,2.6236648559570312
ring,7,12,2.8307290077209473
ring,7,13,3.0313668251037598
ring,7,14,3.233832836151123
ring,7,15,3.4354937076568604
ring,7,16,3.644568920135498
ring,7,17,3.875854730606079
ring,7,18,4.086103916168213
ring,7,19,4.295413017272949
ring,7,20,4.501925706863403
ring,7,21,4.705951929092407
ring,7,22,4.909610986709595
ring,7,23,5.109350919723511
ring,7,24,5.312500953674316
ring,7,25,5.671422004699707
ring,7,26,5.878582000732422
ring,7,27,6.08414888381958
ring,7,28,6.294785022735596
ring,7,29,6.501156806945801
ring,7,30,6.704867124557495
ring,8,1,0.5003571510314941
ring,8,2,0.7027130126953125
ring,8,3,0.9068620204925537
ring,8,4,1.1148290634155273
ring,8,5,1.3228652477264404
ring,8,6,1.5318100452423096
ring,8,7,1.7359809875488281
ring,8,8,1.9450643062591553
ring,8,9,2.276350259780884
ring,8,10,2.4812750816345215
ring,8,11,2.6905672550201416
ring,8,12,2.8981590270996094
ring,8,13,3.103456974029541
ring,8,14,3.3031139373779297
ring,8,15,3.5100152492523193
ring,8,16,3.7194972038269043
ring,8,17,3.941215991973877
ring,8,18,4.144553899765015
ring,8,19,4.347400188446045
ring,8,20,4.554652214050293
ring,8,21,4.763162136077881
ring,8,22,4.976883172988892
ring,8,23,5.180046081542969
ring,8,24,5.386146068572998
ring,8,25,5.628563165664673
ring,8,26,5.844687223434448
ring,8,27,6.056736946105957
ring,8,28,6.2663280963897705
ring,8,29,6.475066184997559
ring,8,30,6.6843650341033936
ring,9,1,0.4951779842376709
ring,9,2,0.694465160369873
ring,9,3,0.8960392475128174
ring,9,4,1.1023521423339844
ring,9,5,1.3082780838012695
ring,9,6,1.5188932418823242
ring,9,7,1.7220022678375244
ring,9,8,1.9279601573944092
ring,9,9,2.1714272499084473
ring,9,10,2.377868175506592
ring,9,11,2.6129281520843506
ring,9,12,2.824200391769409
ring,9,13,3.0305261611938477
ring,9,14,3.2436861991882324
ring,9,15,3.448761224746704
ring,9,16,3.6561973094940186
ring,9,17,3.864044189453125
ring,9,18,4.071062088012695
ring,9,19,4.279983282089233
ring,9,20,4.485274314880371
ring,9,21,4.691286087036133
ring,9,22,4.901358127593994
ring,9,23,5.10722017288208
ring,9,24,5.317738056182861
ring,9,25,5.529181241989136
ring,9,26,5.856300115585327
ring,9,27,6.062923192977905
ring,9,28,6.272040367126465
ring,9,29,6.4738450050354
ring,9,30,6.681365013122559
multikuti,0,1,0.4969661235809326
multikuti,0,2,0.6977250576019287
multikuti,0,3,0.8968122005462646
multikuti,0,4,1.1260480880737305
multikuti,0,5,1.3356940746307373
multikuti,0,6,1.559354305267334
multikuti,0,7,1.7779252529144287
multikuti,0,8,1.9858441352844238
multikuti,0,9,2.1881392002105713
multikuti,0,10,2.521721124649048
multikuti,0,11,2.72928524017334
multikuti,0,12,2.931378126144409
multikuti,0,13,3.1560630798339844
multikuti,0,14,3.3578100204467773
multikuti,0,15,3.5686001777648926
multikuti,0,16,3.7914040088653564
multikuti,0,17,3.9955620765686035
multikuti,0,18,4.204270124435425
multikuti,0,19,4.437915325164795
multikuti,0,20,4.673100233078003
multikuti,0,21,4.877242088317871
multikuti,0,22,5.112414121627808
multikuti,0,23,5.318207025527954
multikuti,0,24,5.525248050689697
multikuti,0,25,5.740720272064209
multikuti,0,26,6.044044017791748
multikuti,0,27,6.257488250732422
multikuti,0,28,6.477733135223389
multikuti,0,29,6.6811683177948
multikuti,0,30,6.892569065093994
multikuti,1,1,0.495715856552124
multikuti,1,2,0.7002370357513428
multikuti,1,3,0.8974180221557617
multikuti,1,4,1.117776870727539
multikuti,1,5,1.3251309394836426
multikuti,1,6,1.537539005279541
multikuti,1,7,1.7544870376586914
multikuti,1,8,1.9609558582305908
multikuti,1,9,2.1668319702148438
multikuti,1,10,2.5111169815063477
multikuti,1,11,2.7207159996032715
multikuti,1,12,2.935912847518921
multikuti,1,13,3.151526927947998
multikuti,1,14,3.367806911468506
multikuti,1,15,3.58240008354187
multikuti,1,16,3.801609992980957
multikuti,1,17,4.016640901565552
multikuti,1,18,4.219963788986206
multikuti,1,19,4.445278882980347
multikuti,1,20,4.6507179737091064
multikuti,1,21,4.865916967391968
multikuti,1,22,5.084813117980957
multikuti,1,23,5.287960052490234
multikuti,1,24,5.491471767425537
multikuti,1,25,5.71081280708313
multikuti,1,26,5.9190590381622314
multikuti,1,27,6.238855838775635
multikuti,1,28,6.45694899559021
multikuti,1,29,6.662232875823975
multikuti,1,30,6.869764804840088
multikuti,2,1,0.4968910217285156
multikuti,2,2,0.6970260143280029
multikuti,2,3,0.8992559909820557
multikuti,2,4,1.124985933303833
multikuti,2,5,1.337873935699463
multikuti,2,6,1.5407280921936035
multikuti,2,7,1.764535903930664
multikuti,2,8,1.9707157611846924
multikuti,2,9,2.1742258071899414
multikuti,2,10,2.432724952697754
multikuti,2,11,2.6377058029174805
multikuti,2,12,2.8765859603881836
multikuti,2,13,3.1048707962036133
multikuti,2,14,3.3138668537139893
multikuti,2,15,3.5360329151153564
multikuti,2,16,3.75858998298645
multikuti,2,17,3.9645979404449463
multikuti,2,18,4.176419973373413
multikuti,2,19,4.39524507522583
multikuti,2,20,4.600276947021484
multikuti,2,21,4.800362825393677
multikuti,2,22,5.022078990936279
multikuti,2,23,5.227159023284912
multikuti,2,24,5.434797048568726
multikuti,2,25,5.654968023300171
multikuti,2,26,5.855760812759399
multikuti,2,27,6.1870880126953125
multikuti,2,28,6.412142038345337
multikuti,2,29,6.618882894515991
multikuti,2,30,6.823997974395752
multikuti,3,1,0.4955403804779053
multikuti,3,2,0.7016551494598389
multikuti,3,3,0.908048152923584
multikuti,3,4,1.1239142417907715
multikuti,3,5,1.327146291732788
multikuti,3,6,1.5296671390533447
multikuti,3,7,1.7485342025756836
multikuti,3,8,1.9535963535308838
multikuti,3,9,2.1613752841949463
multikuti,3,10,2.3850302696228027
multikuti,3,11,2.7111244201660156
multikuti,3,12,2.916499376296997
multikuti,3,13,3.135455369949341
multikuti,3,14,3.340728282928467
multikuti,3,15,3.544807195663452
multikuti,3,16,3.7697904109954834
multikuti,3,17,3.979957342147827
multikuti,3,18,4.189694404602051
multikuti,3,19,4.414461374282837
multikuti,3,20,4.628198146820068
multikuti,3,21,4.828115224838257
multikuti,3,22,5.046050071716309
multikuti,3,23,5.25655722618103
multikuti,3,24,5.466741323471069
multikuti,3,25,5.6851184368133545
multikuti,3,26,5.893249034881592
multikuti,3,27,6.105924129486084
multikuti,3,28,6.441687107086182
multikuti,3,29,6.644617319107056
multikuti,3,30,6.853537082672119
multikuti,4,1,0.49573588371276855
multikuti,4,2,0.7013881206512451
multikuti,4,3,0.9034368991851807
multikuti,4,4,1.1277928352355957
multikuti,4,5,1.3328120708465576
multikuti,4,6,1.5413808822631836
multikuti,4,7,1.7614688873291016
multikuti,4,8,1.9708318710327148
multikuti,4,9,2.1727988719940186
multikuti,4,10,2.3943278789520264
multikuti,4,11,2.610231876373291
multikuti,4,12,2.934081792831421
multikuti,4,13,3.153169870376587
multikuti,4,14,3.368238925933838
multikuti,4,15,3.5811798572540283
multikuti,4,16,3.8104279041290283
multikuti,4,17,4.027361869812012
multikuti,4,18,4.234320878982544
multikuti,4,19,4.452708959579468
multikuti,4,20,4.6566619873046875
multikuti,4,21,4.865985870361328
multikuti,4,22,5.0847790241241455
multikuti,4,23,5.298202991485596
multikuti,4,24,5.5131049156188965
multikuti,4,25,5.733193874359131
multikuti,4,26,5.9584619998931885
multikuti,4,27,6.163157939910889
multikuti,4,28,6.5116119384765625
multikuti,4,29,6.719838857650757
multikuti,4,30,6.918017864227295
multikuti,5,1,0.49377012252807617
multikuti,5,2,0.6986958980560303
multikuti,5,3,0.9058980941772461
multikuti,5,4,1.1244239807128906
multikuti,5,5,1.3390929698944092
multikuti,5,6,1.5376808643341064
multikuti,5,7,1.753777027130127
multikuti,5,8,1.9868559837341309
multikuti,5,9,2.1959590911865234
multikuti,5,10,2.4307191371917725
multikuti,5,11,2.632499933242798
multikuti,5,12,2.967525005340576
multikuti,5,13,3.1972479820251465
multikuti,5,14,3.3995230197906494
multikuti,5,15,3.60335111618042
multikuti,5,16,3.8224709033966064
multikuti,5,17,4.024004220962524
multikuti,5,18,4.230338096618652
multikuti,5,19,4.444964170455933
multikuti,5,20,4.656877040863037
multikuti,5,21,4.864662170410156
multikuti,5,22,5.083910942077637
multikuti,5,23,5.293056011199951
multikuti,5,24,5.500030994415283
multikuti,5,25,5.736070871353149
multikuti,5,26,5.946224927902222
multikuti,5,27,6.153846025466919
multikuti,5,28,6.4060821533203125
multikuti,5,29,6.606950044631958
multikuti,5,30,6.810483932495117
multikuti,6,1,0.4973568916320801
multikuti,6,2,0.6967670917510986
multikuti,6,3,0.8950378894805908
multikuti,6,4,1.1167058944702148
multikuti,6,5,1.3194429874420166
multikuti,6,6,1.5327889919281006
multikuti,6,7,1.7509939670562744
multikuti,6,8,1.9559049606323242
multikuti,6,9,2.162360906600952
multikuti,6,10,2.3951549530029297
multikuti,6,11,2.5980160236358643
multikuti,6,12,2.838438034057617
multikuti,6,13,3.0638179779052734
multikuti,6,14,3.2706058025360107
multikuti,6,15,3.476367950439453
multikuti,6,16,3.6986467838287354
multikuti,6,17,3.899445056915283
multikuti,6,18,4.102748870849609
multikuti,6,19,4.320344924926758
multikuti,6,20,4.522960901260376
multikuti,6,21,4.7326819896698
multikuti,6,22,4.953840017318726
multikuti,6,23,5.160577774047852
multikuti,6,24,5.372761964797974
multikuti,6,25,5.589648008346558
multikuti,6,26,5.796430826187134
multikuti,6,27,5.999756813049316
multikuti,6,28,6.217631101608276
multikuti,6,29,6.554701805114746
multikuti,6,30,6.779656887054443
multikuti,7,1,0.49968624114990234
multikuti,7,2,0.7102141380310059
multikuti,7,3,0.9155740737915039
multikuti,7,4,1.1350593566894531
multikuti,7,5,1.3447380065917969
multikuti,7,6,1.5469331741333008
multikuti,7,7,1.766770362854004
multikuti,7,8,1.9737541675567627
multikuti,7,9,2.1763782501220703
multikuti,7,10,2.3919360637664795
multikuti,7,11,2.597466230392456
multikuti,7,12,2.8020143508911133
multikuti,7,13,3.143193244934082
multikuti,7,14,3.3469700813293457
multikuti,7,15,3.561159133911133
multikuti,7,16,3.7802131175994873
multikuti,7,17,3.9803991317749023
multikuti,7,18,4.180588006973267
multikuti,7,19,4.410224199295044
multikuti,7,20,4.6142802238464355
multikuti,7,21,4.827774286270142
multikuti,7,22,5.081252098083496
multikuti,7,23,5.285124063491821
multikuti,7,24,5.503178119659424
multikuti,7,25,5.726160287857056
multikuti,7,26,5.937384366989136
multikuti,7,27,6.1391401290893555
multikuti,7,28,6.357117176055908
multikuti,7,29,6.560530185699463
multikuti,7,30,6.899476051330566
multikuti,8,1,0.5238921642303467
multikuti,8,2,0.7306041717529297
multikuti,8,3,0.9391818046569824
multikuti,8,4,1.1620209217071533
multikuti,8,5,1.3662760257720947
multikuti,8,6,1.5690879821777344
multikuti,8,7,1.8220980167388916
multikuti,8,8,2.027070999145508
multikuti,8,9,2.2367160320281982
multikuti,8,10,2.4567129611968994
multikuti,8,11,2.6706631183624268
multikuti,8,12,2.8869829177856445
multikuti,8,13,3.1430470943450928
multikuti,8,14,3.352997064590454
multikuti,8,15,3.560899019241333
multikuti,8,16,3.7940261363983154
multikuti,8,17,3.9968111515045166
multikuti,8,18,4.201967000961304
multikuti,8,19,4.416483163833618
multikuti,8,20,4.617282867431641
multikuti,8,21,4.821681976318359
multikuti,8,22,5.043335914611816
multikuti,8,23,5.245809078216553
multikuti,8,24,5.4570300579071045
multikuti,8,25,5.6804039478302
multikuti,8,26,5.889405965805054
multikuti,8,27,6.100177049636841
multikuti,8,28,6.340871095657349
multikuti,8,29,6.546125173568726
multikuti,8,30,6.9167320728302
multikuti,9,1,0.49537181854248047
multikuti,9,2,0.6955289840698242
multikuti,9,3,0.903052806854248
multikuti,9,4,1.1241936683654785
multikuti,9,5,1.3244948387145996
multikuti,9,6,1.5261478424072266
multikuti,9,7,1.749553918838501
multikuti,9,8,1.9631407260894775
multikuti,9,9,2.1768147945404053
multikuti,9,10,2.405036687850952
multikuti,9,11,2.6106948852539062
multikuti,9,12,2.8220977783203125
multikuti,9,13,3.040212869644165
multikuti,9,14,3.362999677658081
multikuti,9,15,3.5626449584960938
multikuti,9,16,3.78411865234375
multikuti,9,17,3.989654064178467
multikuti,9,18,4.202712774276733
multikuti,9,19,4.428590774536133
multikuti,9,20,4.633344888687134
multikuti,9,21,4.833817720413208
multikuti,9,22,5.05393385887146
multikuti,9,23,5.265172958374023
multikuti,9,24,5.469861745834351
multikuti,9,25,5.685624837875366
multikuti,9,26,5.900219917297363
multikuti,9,27,6.102798700332642
multikuti,9,28,6.340543031692505
multikuti,9,29,6.551646947860718
multikuti,9,30,6.760822772979736
master_slave,0,1,0.6323418617248535
master_slave,0,2,1.0669848918914795
master_slave,0,3,1.497847080230713
master_slave,0,4,1.9300551414489746
master_slave,0,5,2.363258123397827
master_slave,0,6,2.795922040939331
master_slave,0,7,3.3537299633026123
master_slave,0,8,3.7802929878234863
master_slave,0,9,4.211416959762573
master_slave,0,10,4.643089056015015
master_slave,0,11,5.073400020599365
master_slave,0,12,5.502361059188843
master_slave,0,13,5.928697109222412
master_slave,0,14,6.395253896713257
master_slave,0,15,6.828800916671753
master_slave,0,16,7.256989240646362
master_slave,0,17,7.684800863265991
master_slave,0,18,8.132805109024048
master_slave,0,19,8.562554121017456
master_slave,0,20,8.99670696258545
master_slave,0,21,9.461897850036621
master_slave,0,22,9.934046983718872
master_slave,0,23,10.373270988464355
master_slave,0,24,10.819823980331421
master_slave,0,25,11.261818170547485
master_slave,0,26,11.697206974029541
master_slave,0,27,12.13916301727295
master_slave,0,28,12.61162805557251
master_slave,0,29,13.090771913528442
master_slave,0,30,13.516088962554932
master_slave,1,1,0.5603928565979004
master_slave,1,2,0.9946119785308838
master_slave,1,3,1.419762134552002
master_slave,1,4,1.8485479354858398
master_slave,1,5,2.3919780254364014
master_slave,1,6,2.848712205886841
master_slave,1,7,3.291231870651245
master_slave,1,8,3.718424081802368
master_slave,1,9,4.145511150360107
master_slave,1,10,4.581822156906128
master_slave,1,11,5.013519048690796
master_slave,1,12,5.483539819717407
master_slave,1,13,5.915443181991577
master_slave,1,14,6.353204011917114
master_slave,1,15,6.7810821533203125
master_slave,1,16,7.211524963378906
master_slave,1,17,7.645855903625488
master_slave,1,18,8.079287052154541
master_slave,1,19,8.51291012763977
master_slave,1,20,8.981374979019165
master_slave,1,21,9.418753862380981
master_slave,1,22,9.855353116989136
master_slave,1,23,10.321969985961914
master_slave,1,24,10.750887155532837
master_slave,1,25,11.185569047927856
master_slave,1,26,11.614156007766724
master_slave,1,27,12.08324384689331
master_slave,1,28,12.508229970932007
master_slave,1,29,12.944042921066284
master_slave,1,30,13.385061979293823
master_slave,2,1,0.558661937713623
master_slave,2,2,0.9901487827301025
master_slave,2,3,1.4567480087280273
master_slave,2,4,1.8918588161468506
master_slave,2,5,2.318445920944214
master_slave,2,6,2.748173952102661
master_slave,2,7,3.1795308589935303
master_slave,2,8,3.6092348098754883
master_slave,2,9,4.037462949752808
master_slave,2,10,4.46273398399353
master_slave,2,11,4.928916931152344
master_slave,2,12,5.3581156730651855
master_slave,2,13,5.783615827560425
master_slave,2,14,6.219113826751709
master_slave,2,15,6.654781818389893
master_slave,2,16,7.082769870758057
master_slave,2,17,7.527822017669678
master_slave,2,18,7.988302707672119
master_slave,2,19,8.417721033096313
master_slave,2,20,8.850652933120728
master_slave,2,21,9.27785587310791
master_slave,2,22,9.787661075592041
master_slave,2,23,10.257827758789062
master_slave,2,24,10.68996286392212
master_slave,2,25,11.27999472618103
master_slave,2,26,11.716426849365234
master_slave,2,27,12.205119848251343
master_slave,2,28,12.67593789100647
master_slave,2,29,13.108859777450562
master_slave,2,30,13.54001784324646
master_slave,3,1,0.5993838310241699
master_slave,3,2,1.0306997299194336
master_slave,3,3,1.47043776512146
master_slave,3,4,1.9074456691741943
master_slave,3,5,2.403082847595215
master_slave,3,6,2.8383498191833496
master_slave,3,7,3.2755167484283447
master_slave,3,8,3.712446928024292
master_slave,3,9,4.187979698181152
master_slave,3,10,4.625685691833496
master_slave,3,11,5.085936784744263
master_slave,3,12,5.553147792816162
master_slave,3,13,5.989544868469238
master_slave,3,14,6.428652763366699
master_slave,3,15,6.864539861679077
master_slave,3,16,7.334906816482544
master_slave,3,17,7.771605730056763
master_slave,3,18,8.207287788391113
master_slave,3,19,8.642841815948486
master_slave,3,20,9.075921773910522
master_slave,3,21,9.511643886566162
master_slave,3,22,9.975058794021606
master_slave,3,23,10.455371618270874
master_slave,3,24,10.888384580612183
master_slave,3,25,11.322826862335205
master_slave,3,26,11.758740901947021
master_slave,3,27,12.196590662002563
master_slave,3,28,12.628469705581665
master_slave,3,29,13.064945936203003
master_slave,3,30,13.566059589385986
master_slave,4,1,0.5698299407958984
master_slave,4,2,1.0092041492462158
master_slave,4,3,1.4430530071258545
master_slave,4,4,1.8729209899902344
master_slave,4,5,2.311768054962158
master_slave,4,6,2.741544008255005
master_slave,4,7,3.2190380096435547
master_slave,4,8,3.6489720344543457
master_slave,4,9,4.080266952514648
master_slave,4,10,4.510783910751343
master_slave,4,11,4.958544015884399
master_slave,4,12,5.423084020614624
master_slave,4,13,5.856037139892578
master_slave,4,14,6.321398019790649
master_slave,4,15,6.755154132843018
master_slave,4,16,7.188227891921997
master_slave,4,17,7.620085954666138
master_slave,4,18,8.050555944442749
master_slave,4,19,8.48330307006836
master_slave,4,20,8.914646863937378
master_slave,4,21,9.378561973571777
master_slave,4,22,9.808439016342163
master_slave,4,23,10.239634037017822
master_slave,4,24,10.669203042984009
master_slave,4,25,11.10335087776184
master_slave,4,26,11.538784980773926
master_slave,4,27,11.976783990859985
master_slave,4,28,12.452229976654053
master_slave,4,29,12.882307052612305
master_slave,4,30,13.309537887573242
master_slave,5,1,0.5611531734466553
master_slave,5,2,1.0229849815368652
master_slave,5,3,1.463179111480713
master_slave,5,4,1.9328079223632812
master_slave,5,5,2.410074234008789
master_slave,5,6,2.842961072921753
master_slave,5,7,3.2769651412963867
master_slave,5,8,3.7182700634002686
master_slave,5,9,4.150134086608887
master_slave,5,10,4.580157041549683
master_slave,5,11,5.009973049163818
master_slave,5,12,5.47183895111084
master_slave,5,13,5.913439989089966
master_slave,5,14,6.350060224533081
master_slave,5,15,6.792298078536987
master_slave,5,16,7.2264299392700195
master_slave,5,17,7.659117221832275
master_slave,5,18,8.093199253082275
master_slave,5,19,8.557327270507812
master_slave,5,20,8.984217166900635
master_slave,5,21,9.415213108062744
master_slave,5,22,9.84484314918518
master_slave,5,23,10.276096105575562
master_slave,5,24,10.702376127243042
master_slave,5,25,11.13601803779602
master_slave,5,26,11.599562168121338
master_slave,5,27,12.032933950424194
master_slave,5,28,12.467903137207031
master_slave,5,29,12.898859024047852
master_slave,5,30,13.332124948501587
master_slave,6,1,0.6054461002349854
master_slave,6,2,1.0491440296173096
master_slave,6,3,1.5125701427459717
master_slave,6,4,1.9498670101165771
master_slave,6,5,2.3859059810638428
master_slave,6,6,2.8269569873809814
master_slave,6,7,3.2618629932403564
master_slave,6,8,3.6945762634277344
master_slave,6,9,4.142742156982422
master_slave,6,10,4.6405980587005615
master_slave,6,11,5.068702936172485
master_slave,6,12,5.499662160873413
master_slave,6,13,5.932744026184082
master_slave,6,14,6.374496936798096
master_slave,6,15,6.806397914886475
master_slave,6,16,7.240998983383179
master_slave,6,17,7.709772109985352
master_slave,6,18,8.224569082260132
master_slave,6,19,8.665647029876709
master_slave,6,20,9.095663070678711
master_slave,6,21,9.530515909194946
master_slave,6,22,9.963340997695923
master_slave,6,23,10.42759084701538
master_slave,6,24,10.896934986114502
master_slave,6,25,11.32966923713684
master_slave,6,26,11.76219391822815
master_slave,6,27,12.264998197555542
master_slave,6,28,12.786681175231934
master_slave,6,29,13.258766174316406
master_slave,6,30,13.733334064483643
master_slave,7,1,0.6961979866027832
master_slave,7,2,1.200718879699707
master_slave,7,3,1.6907567977905273
master_slave,7,4,2.2166757583618164
master_slave,7,5,2.720283031463623
master_slave,7,6,3.238697052001953
master_slave,7,7,3.742166757583618
master_slave,7,8,4.281986951828003
master_slave,7,9,4.798390865325928
master_slave,7,10,5.288692951202393
master_slave,7,11,5.735336065292358
master_slave,7,12,6.181110143661499
master_slave,7,13,6.6211957931518555
master_slave,7,14,7.063848972320557
master_slave,7,15,7.54632306098938
master_slave,7,16,7.995176076889038
master_slave,7,17,8.445342063903809
master_slave,7,18,8.895044803619385
master_slave,7,19,9.345777034759521
master_slave,7,20,9.786906003952026
master_slave,7,21,10.233031988143921
master_slave,7,22,10.71283483505249
master_slave,7,23,11.170429944992065
master_slave,7,24,11.616480827331543
master_slave,7,25,12.061182022094727
master_slave,7,26,12.499821901321411
master_slave,7,27,12.944655895233154
master_slave,7,28,13.386010885238647
master_slave,7,29,13.998008966445923
master_slave,7,30,14.44567084312439
master_slave,8,1,0.5842161178588867
master_slave,8,2,1.034214973449707
master_slave,8,3,1.4720959663391113
master_slave,8,4,1.9111559391021729
master_slave,8,5,2.3489248752593994
master_slave,8,6,2.826279878616333
master_slave,8,7,3.2667009830474854
master_slave,8,8,3.7120440006256104
master_slave,8,9,4.16631293296814
master_slave,8,10,4.667146921157837
master_slave,8,11,5.111769914627075
master_slave,8,12,5.559030055999756
master_slave,8,13,6.0427610874176025
master_slave,8,14,6.489542007446289
master_slave,8,15,6.929764986038208
master_slave,8,16,7.379580974578857
master_slave,8,17,7.827544927597046
master_slave,8,18,8.27590298652649
master_slave,8,19,8.732302904129028
master_slave,8,20,9.306946992874146
master_slave,8,21,9.751920938491821
master_slave,8,22,10.201354026794434
master_slave,8,23,10.650083780288696
master_slave,8,24,11.09114408493042
master_slave,8,25,11.54646611213684
master_slave,8,26,11.990842819213867
master_slave,8,27,12.513666152954102
master_slave,8,28,12.975949764251709
master_slave,8,29,13.409555912017822
master_slave,8,30,13.840536832809448
master_slave,9,1,0.5626111030578613
master_slave,9,2,0.9973421096801758
master_slave,9,3,1.4286720752716064
master_slave,9,4,1.8971061706542969
master_slave,9,5,2.3298542499542236
master_slave,9,6,2.7589831352233887
master_slave,9,7,3.2198281288146973
master_slave,9,8,3.6494250297546387
master_slave,9,9,4.0918052196502686
master_slave,9,10,4.518341064453125
master_slave,9,11,5.049727916717529
master_slave,9,12,5.4793572425842285
master_slave,9,13,5.9063990116119385
master_slave,9,14,6.3362181186676025
master_slave,9,15,6.7653889656066895
master_slave,9,16,7.194057941436768
master_slave,9,17,7.623038053512573
master_slave,9,18,8.092656135559082
master_slave,9,19,8.517817974090576
master_slave,9,20,8.945917129516602
master_slave,9,21,9.37551498413086
master_slave,9,22,9.8034029006958
master_slave,9,23,10.234345197677612
master_slave,9,24,10.666112899780273
master_slave,9,25,11.097146034240723
master_slave,9,26,11.560451030731201
master_slave,9,27,11.9969162940979
master_slave,9,28,12.43246603012085
master_slave,9,29,12.893448114395142
master_slave,9,30,13.322245121002197
nearest,0,1,0.4887049198150635
nearest,0,2,0.6963257789611816
nearest,0,3,1.0582609176635742
nearest,0,4,1.2734436988830566
nearest,0,5,1.4719748497009277
nearest,0,6,1.6759448051452637
nearest,0,7,1.8886158466339111
nearest,0,8,2.0895817279815674
nearest,0,9,2.2948098182678223
nearest,0,10,2.508187770843506
nearest,0,11,2.7167727947235107
nearest,0,12,2.932675838470459
nearest,0,13,3.1472456455230713
nearest,0,14,3.3471999168395996
nearest,0,15,3.5509450435638428
nearest,0,16,3.774730920791626
nearest,0,17,3.985402822494507
nearest,0,18,4.1967527866363525
nearest,0,19,4.446720838546753
nearest,0,20,4.653865814208984
nearest,0,21,4.85566782951355
nearest,0,22,5.079267740249634
nearest,0,23,5.28982400894165
nearest,0,24,5.4983439445495605
nearest,0,25,5.716502904891968
nearest,0,26,5.924755811691284
nearest,0,27,6.152950048446655
nearest,0,28,6.378340721130371
nearest,0,29,6.582988977432251
nearest,0,30,6.787283897399902
nearest,1,1,0.4989309310913086
nearest,1,2,0.7011568546295166
nearest,1,3,0.9046459197998047
nearest,1,4,1.2413451671600342
nearest,1,5,1.4636781215667725
nearest,1,6,1.6685609817504883
nearest,1,7,1.8890690803527832
nearest,1,8,2.0915379524230957
nearest,1,9,2.307791233062744
nearest,1,10,2.523872137069702
nearest,1,11,2.729146957397461
nearest,1,12,2.9481961727142334
nearest,1,13,3.177039861679077
nearest,1,14,3.3960862159729004
nearest,1,15,3.6109330654144287
nearest,1,16,3.8379569053649902
nearest,1,17,4.047958135604858
nearest,1,18,4.25633692741394
nearest,1,19,4.470077991485596
nearest,1,20,4.798619031906128
nearest,1,21,5.009432077407837
nearest,1,22,5.2251951694488525
nearest,1,23,5.4316911697387695
nearest,1,24,5.651769161224365
nearest,1,25,5.879073143005371
nearest,1,26,6.084107160568237
nearest,1,27,6.301033973693848
nearest,1,28,6.520624876022339
nearest,1,29,6.729326248168945
nearest,1,30,6.932756185531616
nearest,2,1,0.4961540699005127
nearest,2,2,0.7013609409332275
nearest,2,3,0.9379169940948486
nearest,2,4,1.1891531944274902
nearest,2,5,1.3949918746948242
nearest,2,6,1.600405216217041
nearest,2,7,1.8261561393737793
nearest,2,8,2.028513193130493
nearest,2,9,2.2294681072235107
nearest,2,10,2.4510209560394287
nearest,2,11,2.6675150394439697
nearest,2,12,2.8717739582061768
nearest,2,13,3.096755027770996
nearest,2,14,3.307995080947876
nearest,2,15,3.5128469467163086
nearest,2,16,3.732166051864624
nearest,2,17,3.9524760246276855
nearest,2,18,4.165386199951172
nearest,2,19,4.3836829662323
nearest,2,20,4.586503028869629
nearest,2,21,4.91744589805603
nearest,2,22,5.135101079940796
nearest,2,23,5.344853162765503
nearest,2,24,5.554391860961914
nearest,2,25,5.7832629680633545
nearest,2,26,5.987994909286499
nearest,2,27,6.231770038604736
nearest,2,28,6.455063104629517
nearest,2,29,6.666475057601929
nearest,2,30,6.877671957015991
nearest,3,1,0.5091331005096436
nearest,3,2,0.714709997177124
nearest,3,3,0.9206230640411377
nearest,3,4,1.1490859985351562
nearest,3,5,1.4924201965332031
nearest,3,6,1.6981520652770996
nearest,3,7,1.9183039665222168
nearest,3,8,2.119425058364868
nearest,3,9,2.3380799293518066
nearest,3,10,2.559314012527466
nearest,3,11,2.7666759490966797
nearest,3,12,2.9760079383850098
nearest,3,13,3.1923561096191406
nearest,3,14,3.396221876144409
nearest,3,15,3.5986361503601074
nearest,3,16,3.8159029483795166
nearest,3,17,4.021058082580566
nearest,3,18,4.2284040451049805
nearest,3,19,4.445752143859863
nearest,3,20,4.671464920043945
nearest,3,21,4.90841817855835
nearest,3,22,5.123135089874268
nearest,3,23,5.33985710144043
nearest,3,24,5.546560049057007
nearest,3,25,5.765367031097412
nearest,3,26,5.979357004165649
nearest,3,27,6.190343141555786
nearest,3,28,6.404905080795288
nearest,3,29,6.607489109039307
nearest,3,30,6.811306953430176
nearest,4,1,0.49335408210754395
nearest,4,2,0.6990249156951904
nearest,4,3,0.900670051574707
nearest,4,4,1.1157820224761963
nearest,4,5,1.3739452362060547
nearest,4,6,1.578005075454712
nearest,4,7,1.8025479316711426
nearest,4,8,2.0088589191436768
nearest,4,9,2.2089359760284424
nearest,4,10,2.4232330322265625
nearest,4,11,2.633082151412964
nearest,4,12,2.841830015182495
nearest,4,13,3.061279058456421
nearest,4,14,3.2643368244171143
nearest,4,15,3.46573805809021
nearest,4,16,3.6882219314575195
nearest,4,17,3.901362895965576
nearest,4,18,4.102545976638794
nearest,4,19,4.323792934417725
nearest,4,20,4.525087118148804
nearest,4,21,4.742836952209473
nearest,4,22,5.08687424659729
nearest,4,23,5.291261911392212
nearest,4,24,5.492239952087402
nearest,4,25,5.706170082092285
nearest,4,26,5.913624048233032
nearest,4,27,6.112439155578613
nearest,4,28,6.329322099685669
nearest,4,29,6.530833005905151
nearest,4,30,6.732702970504761
nearest,5,1,0.5008130073547363
nearest,5,2,0.7007801532745361
nearest,5,3,0.9108412265777588
nearest,5,4,1.1254510879516602
nearest,5,5,1.359694242477417
nearest,5,6,1.6788671016693115
nearest,5,7,1.899183988571167
nearest,5,8,2.1040070056915283
nearest,5,9,2.322650909423828
nearest,5,10,2.550023078918457
nearest,5,11,2.7552850246429443
nearest,5,12,2.96722412109375
nearest,5,13,3.1964612007141113
nearest,5,14,3.401583194732666
nearest,5,15,3.6081621646881104
nearest,5,16,3.823723077774048
nearest,5,17,4.030976057052612
nearest,5,18,4.233581066131592
nearest,5,19,4.468410015106201
nearest,5,20,4.6686851978302
nearest,5,21,4.871010065078735
nearest,5,22,5.1181042194366455
nearest,5,23,5.322258949279785
nearest,5,24,5.526585817337036
nearest,5,25,5.739454984664917
nearest,5,26,5.948821067810059
nearest,5,27,6.190640926361084
nearest,5,28,6.406607151031494
nearest,5,29,6.611311912536621
nearest,5,30,6.8248090744018555
nearest,6,1,0.4955308437347412
nearest,6,2,0.7125139236450195
nearest,6,3,0.9177420139312744
nearest,6,4,1.132655143737793
nearest,6,5,1.335273027420044
nearest,6,6,1.5710289478302002
nearest,6,7,1.792754888534546
nearest,6,8,1.9984848499298096
nearest,6,9,2.220446825027466
nearest,6,10,2.4408609867095947
nearest,6,11,2.646237850189209
nearest,6,12,2.8505189418792725
nearest,6,13,3.075657844543457
nearest,6,14,3.279824733734131
nearest,6,15,3.5104267597198486
nearest,6,16,3.75612211227417
nearest,6,17,3.969254970550537
nearest,6,18,4.18631911277771
nearest,6,19,4.46001410484314
nearest,6,20,4.669420003890991
nearest,6,21,4.889669895172119
nearest,6,22,5.118620872497559
nearest,6,23,5.551023006439209
nearest,6,24,5.769675016403198
nearest,6,25,5.991505861282349
nearest,6,26,6.199316024780273
nearest,6,27,6.4053590297698975
nearest,6,28,6.6527299880981445
nearest,6,29,6.859905958175659
nearest,6,30,7.0686609745025635
nearest,7,1,0.5024929046630859
nearest,7,2,0.7134788036346436
nearest,7,3,0.9351019859313965
nearest,7,4,1.1491668224334717
nearest,7,5,1.3501288890838623
nearest,7,6,1.556635856628418
nearest,7,7,1.9254510402679443
nearest,7,8,2.1319658756256104
nearest,7,9,2.3392996788024902
nearest,7,10,2.564222812652588
nearest,7,11,2.7684237957000732
nearest,7,12,2.9724369049072266
nearest,7,13,3.186732053756714
nearest,7,14,3.3981637954711914
nearest,7,15,3.603113889694214
nearest,7,16,3.817706823348999
nearest,7,17,4.024835824966431
nearest,7,18,4.265179872512817
nearest,7,19,4.480289697647095
nearest,7,20,4.685774803161621
nearest,7,21,4.8883748054504395
nearest,7,22,5.12198281288147
nearest,7,23,5.358405828475952
nearest,7,24,5.561068058013916
nearest,7,25,5.776108026504517
nearest,7,26,5.981080770492554
nearest,7,27,6.182622909545898
nearest,7,28,6.412714958190918
nearest,7,29,6.6290366649627686
nearest,7,30,6.83625864982605
nearest,8,1,0.4933040142059326
nearest,8,2,0.6966090202331543
nearest,8,3,0.903188943862915
nearest,8,4,1.1296930313110352
nearest,8,5,1.3307099342346191
nearest,8,6,1.536383867263794
nearest,8,7,1.7938721179962158
nearest,8,8,1.9941699504852295
nearest,8,9,2.2008790969848633
nearest,8,10,2.414212942123413
nearest,8,11,2.6244609355926514
nearest,8,12,2.837752103805542
nearest,8,13,3.0567781925201416
nearest,8,14,3.2623820304870605
nearest,8,15,3.4756908416748047
nearest,8,16,3.7104899883270264
nearest,8,17,3.914189100265503
nearest,8,18,4.118944883346558
nearest,8,19,4.339573860168457
nearest,8,20,4.551764965057373
nearest,8,21,4.756976127624512
nearest,8,22,4.9722089767456055
nearest,8,23,5.172708034515381
nearest,8,24,5.499924898147583
nearest,8,25,5.722823143005371
nearest,8,26,5.929877996444702
nearest,8,27,6.139050245285034
nearest,8,28,6.363626956939697
nearest,8,29,6.5698981285095215
nearest,8,30,6.781627178192139
nearest,9,1,0.5144081115722656
nearest,9,2,0.7298660278320312
nearest,9,3,0.9383389949798584
nearest,9,4,1.15061616897583
nearest,9,5,1.358997106552124
nearest,9,6,1.5625050067901611
nearest,9,7,1.7854950428009033
nearest,9,8,2.1134419441223145
nearest,9,9,2.3194968700408936
nearest,9,10,2.5452191829681396
nearest,9,11,2.7555930614471436
nearest,9,12,2.961825132369995
nearest,9,13,3.1803390979766846
nearest,9,14,3.3865089416503906
nearest,9,15,3.591226100921631
nearest,9,16,3.8108673095703125
nearest,9,17,4.022590160369873
nearest,9,18,4.230967044830322
nearest,9,19,4.443882942199707
nearest,9,20,4.662771940231323
nearest,9,21,4.874419927597046
nearest,9,22,5.108713865280151
nearest,9,23,5.318878889083862
nearest,9,24,5.565317153930664
nearest,9,25,5.779070854187012
nearest,9,26,5.994465112686157
nearest,9,27,6.199084997177124
nearest,9,28,6.415676116943359
nearest,9,29,6.624296188354492
nearest,9,30,6.836458921432495
random,0,1,0.49962401390075684
random,0,2,0.7119958400726318
random,0,3,0.9281539916992188
random,0,4,1.149143934249878
random,0,5,1.3506009578704834
random,0,6,1.5562269687652588
random,0,7,1.7664549350738525
random,0,8,2.065093994140625
random,0,9,2.276533842086792
random,0,10,2.481307029724121
random,0,11,2.683422088623047
random,0,12,2.9183907508850098
random,0,13,3.1338229179382324
random,0,14,3.357057809829712
random,0,15,3.5663819313049316
random,0,16,3.7733829021453857
random,0,17,3.9819138050079346
random,0,18,4.186800956726074
random,0,19,4.393862962722778
random,0,20,4.6048500537872314
random,0,21,4.812156915664673
random,0,22,5.027508974075317
random,0,23,5.2359960079193115
random,0,24,5.444706916809082
random,0,25,5.785238027572632
random,0,26,6.012326002120972
random,0,27,6.246397018432617
random,0,28,6.488882064819336
random,0,29,6.722110986709595
random,0,30,6.947593927383423
random,1,1,0.5199739933013916
random,1,2,0.7366659641265869
random,1,3,0.9572479724884033
random,1,4,1.1691889762878418
random,1,5,1.3792390823364258
random,1,6,1.5995948314666748
random,1,7,1.8044919967651367
random,1,8,2.018324851989746
random,1,9,2.3805410861968994
random,1,10,2.5979020595550537
random,1,11,2.8014540672302246
random,1,12,3.0135960578918457
random,1,13,3.2285349369049072
random,1,14,3.436263084411621
random,1,15,3.6498348712921143
random,1,16,3.859389066696167
random,1,17,4.078100204467773
random,1,18,4.284693002700806
random,1,19,4.490307092666626
random,1,20,4.697939157485962
random,1,21,4.899849891662598
random,1,22,5.101673126220703
random,1,23,5.310164213180542
random,1,24,5.512204885482788
random,1,25,5.750447988510132
random,1,26,5.950368881225586
random,1,27,6.1604368686676025
random,1,28,6.376400947570801
random,1,29,6.578539848327637
random,1,30,6.789525985717773
random,2,1,0.49166107177734375
random,2,2,0.699232816696167
random,2,3,0.9035899639129639
random,2,4,1.1068038940429688
random,2,5,1.3085129261016846
random,2,6,1.509904146194458
random,2,7,1.721855878829956
random,2,8,1.932163953781128
random,2,9,2.2281739711761475
random,2,10,2.431893825531006
random,2,11,2.6406960487365723
random,2,12,2.843381881713867
random,2,13,3.0551788806915283
random,2,14,3.2632129192352295
random,2,15,3.479667901992798
random,2,16,3.682356834411621
random,2,17,3.889474868774414
random,2,18,4.096477746963501
random,2,19,4.299462795257568
random,2,20,4.515817880630493
random,2,21,4.730931758880615
random,2,22,4.9394307136535645
random,2,23,5.146867990493774
random,2,24,5.354227781295776
random,2,25,5.556633949279785
random,2,26,5.8778417110443115
random,2,27,6.082770824432373
random,2,28,6.286787033081055
random,2,29,6.496665954589844
random,2,30,6.739719867706299
random,3,1,0.5032539367675781
random,3,2,0.7074978351593018
random,3,3,0.911823034286499
random,3,4,1.1227171421051025
random,3,5,1.3350169658660889
random,3,6,1.5421018600463867
random,3,7,1.7455320358276367
random,3,8,1.9521989822387695
random,3,9,2.160263776779175
random,3,10,2.4827840328216553
random,3,11,2.7022571563720703
random,3,12,2.909532070159912
random,3,13,3.1140639781951904
random,3,14,3.3270039558410645
random,3,15,3.531338930130005
random,3,16,3.7408549785614014
random,3,17,3.943587064743042
random,3,18,4.15276312828064
random,3,19,4.362339973449707
random,3,20,4.565316915512085
random,3,21,4.786875009536743
random,3,22,4.98959493637085
random,3,23,5.199154853820801
random,3,24,5.416038990020752
random,3,25,5.625545978546143
random,3,26,5.862923860549927
random,3,27,6.075314044952393
random,3,28,6.281677007675171
random,3,29,6.497323989868164
random,3,30,6.709604024887085
random,4,1,0.5059750080108643
random,4,2,0.7237238883972168
random,4,3,0.9270823001861572
random,4,4,1.1329381465911865
random,4,5,1.3406319618225098
random,4,6,1.5453200340270996
random,4,7,1.7559678554534912
random,4,8,1.9596951007843018
random,4,9,2.165858030319214
random,4,10,2.459172010421753
random,4,11,2.6703789234161377
random,4,12,2.881606101989746
random,4,13,3.0900540351867676
random,4,14,3.2970449924468994
random,4,15,3.5055689811706543
random,4,16,3.713196039199829
random,4,17,3.9187769889831543
random,4,18,4.128205060958862
random,4,19,4.331953048706055
random,4,20,4.546210050582886
random,4,21,4.763621091842651
random,4,22,4.971461057662964
random,4,23,5.17195725440979
random,4,24,5.375859260559082
random,4,25,5.577691078186035
random,4,26,5.780429124832153
random,4,27,6.100645065307617
random,4,28,6.313789129257202
random,4,29,6.512515068054199
random,4,30,6.719421148300171
random,5,1,0.502964973449707
random,5,2,0.7059998512268066
random,5,3,0.9120252132415771
random,5,4,1.114241123199463
random,5,5,1.3516511917114258
random,5,6,1.5571119785308838
random,5,7,1.7573120594024658
random,5,8,1.9601750373840332
random,5,9,2.162001848220825
random,5,10,2.365212917327881
random,5,11,2.7030179500579834
random,5,12,2.9126458168029785
random,5,13,3.127589225769043
random,5,14,3.3406410217285156
random,5,15,3.5456581115722656
random,5,16,3.7551019191741943
random,5,17,3.957819938659668
random,5,18,4.204552888870239
random,5,19,4.4069061279296875
random,5,20,4.618304967880249
random,5,21,4.838634967803955
random,5,22,5.048349857330322
random,5,23,5.260976791381836
random,5,24,5.470020771026611
random,5,25,5.685333967208862
random,5,26,5.891686916351318
random,5,27,6.14337420463562
random,5,28,6.351824998855591
random,5,29,6.553771018981934
random,5,30,6.761956214904785
random,6,1,0.5136020183563232
random,6,2,0.7224776744842529
random,6,3,0.9225008487701416
random,6,4,1.131225824356079
random,6,5,1.3353636264801025
random,6,6,1.54097580909729
random,6,7,1.7444510459899902
random,6,8,1.9580049514770508
random,6,9,2.1614978313446045
random,6,10,2.370823860168457
random,6,11,2.683626890182495
random,6,12,2.8893609046936035
random,6,13,3.0950520038604736
random,6,14,3.3049299716949463
random,6,15,3.518211841583252
random,6,16,3.7257938385009766
random,6,17,3.9380617141723633
random,6,18,4.142765045166016
random,6,19,4.3496246337890625
random,6,20,4.558832883834839
random,6,21,4.779720783233643
random,6,22,4.9836719036102295
random,6,23,5.208020925521851
random,6,24,5.416696786880493
random,6,25,5.6289520263671875
random,6,26,5.8389177322387695
random,6,27,6.043867826461792
random,6,28,6.414236783981323
random,6,29,6.624764919281006
random,6,30,6.825596809387207
random,7,1,0.5115628242492676
random,7,2,0.722100019454956
random,7,3,0.9282991886138916
random,7,4,1.132021188735962
random,7,5,1.3353188037872314
random,7,6,1.5392420291900635
random,7,7,1.7479472160339355
random,7,8,1.9562678337097168
random,7,9,2.1629159450531006
random,7,10,2.3745760917663574
random,7,11,2.5901060104370117
random,7,12,2.911323070526123
random,7,13,3.1268839836120605
random,7,14,3.331273078918457
random,7,15,3.5350348949432373
random,7,16,3.7448301315307617
random,7,17,3.951045036315918
random,7,18,4.163904190063477
random,7,19,4.367678165435791
random,7,20,4.57739782333374
random,7,21,4.789932012557983
random,7,22,5.0021278858184814
random,7,23,5.2055041790008545
random,7,24,5.414927005767822
random,7,25,5.618944883346558
random,7,26,5.818089008331299
random,7,27,6.021611213684082
random,7,28,6.268098831176758
random,7,29,6.485261917114258
random,7,30,6.692714214324951
random,8,1,0.506415843963623
random,8,2,0.7065479755401611
random,8,3,0.9512898921966553
random,8,4,1.1566998958587646
random,8,5,1.36234712600708
random,8,6,1.5773687362670898
random,8,7,1.7899620532989502
random,8,8,1.9965908527374268
random,8,9,2.2026679515838623
random,8,10,2.4193289279937744
random,8,11,2.623577833175659
random,8,12,2.9035227298736572
random,8,13,3.1083457469940186
random,8,14,3.3165528774261475
random,8,15,3.5245840549468994
random,8,16,3.72898006439209
random,8,17,3.936821937561035
random,8,18,4.145126819610596
random,8,19,4.357146978378296
random,8,20,4.564717769622803
random,8,21,4.772861003875732
random,8,22,4.974774122238159
random,8,23,5.181244850158691
random,8,24,5.391450881958008
random,8,25,5.5914881229400635
random,8,26,5.7983057498931885
random,8,27,6.003829002380371
random,8,28,6.215167045593262
random,8,29,6.5442798137664795
random,8,30,6.751896858215332
random,9,1,0.49016308784484863
random,9,2,0.6909840106964111
random,9,3,0.8907561302185059
random,9,4,1.1041569709777832
random,9,5,1.3177292346954346
random,9,6,1.5192210674285889
random,9,7,1.7368052005767822
random,9,8,1.944451093673706
random,9,9,2.1526920795440674
random,9,10,2.362011194229126
random,9,11,2.5634729862213135
random,9,12,2.772235155105591
random,9,13,3.0909340381622314
random,9,14,3.2958180904388428
random,9,15,3.500889301300049
random,9,16,3.705024003982544
random,9,17,3.9186832904815674
random,9,18,4.133794069290161
random,9,19,4.339917182922363
random,9,20,4.55401611328125
random,9,21,4.757601022720337
random,9,22,4.962874889373779
random,9,23,5.167280912399292
random,9,24,5.375245094299316
random,9,25,5.586042165756226
random,9,26,5.790072202682495
random,9,27,6.001702070236206
random,9,28,6.210788249969482
random,9,29,6.459621906280518
random,9,30,6.667259931564331
fully_connected,0,1,0.4932239055633545
fully_connected,0,2,0.6983039379119873
fully_connected,0,3,0.9186728000640869
fully_connected,0,4,1.1218359470367432
fully_connected,0,5,1.4278759956359863
fully_connected,0,6,1.7460007667541504
fully_connected,0,7,2.052405834197998
fully_connected,0,8,2.256420850753784
fully_connected,0,9,2.463059902191162
fully_connected,0,10,2.67315673828125
fully_connected,0,11,2.97819185256958
fully_connected,0,12,3.2858238220214844
fully_connected,0,13,3.6820459365844727
fully_connected,0,14,3.8893978595733643
fully_connected,0,15,4.101839065551758
fully_connected,0,16,4.301419973373413
fully_connected,0,17,4.606728792190552
fully_connected,0,18,4.911739826202393
fully_connected,0,19,5.249759912490845
fully_connected,0,20,5.451300859451294
fully_connected,0,21,5.658385753631592
fully_connected,0,22,5.867549896240234
fully_connected,0,23,6.173931837081909
fully_connected,0,24,6.480901718139648
fully_connected,0,25,6.797569990158081
fully_connected,0,26,7.0153868198394775
fully_connected,0,27,7.218127012252808
fully_connected,0,28,7.423982858657837
fully_connected,0,29,7.78446888923645
fully_connected,0,30,8.188453674316406
fully_connected,1,1,0.4944789409637451
fully_connected,1,2,0.7029671669006348
fully_connected,1,3,0.9097988605499268
fully_connected,1,4,1.1262969970703125
fully_connected,1,5,1.4316370487213135
fully_connected,1,6,1.7367780208587646
fully_connected,1,7,2.0418319702148438
fully_connected,1,8,2.243086099624634
fully_connected,1,9,2.457521915435791
fully_connected,1,10,2.667634963989258
fully_connected,1,11,2.9730591773986816
fully_connected,1,12,3.2791249752044678
fully_connected,1,13,3.7019078731536865
fully_connected,1,14,3.9144089221954346
fully_connected,1,15,4.151812791824341
fully_connected,1,16,4.353581190109253
fully_connected,1,17,4.6599249839782715
fully_connected,1,18,4.966766834259033
fully_connected,1,19,5.273205041885376
fully_connected,1,20,5.481283187866211
fully_connected,1,21,5.683531999588013
fully_connected,1,22,5.883480072021484
fully_connected,1,23,6.237965106964111
fully_connected,1,24,6.546649932861328
fully_connected,1,25,6.852931022644043
fully_connected,1,26,7.053833961486816
fully_connected,1,27,7.258617162704468
fully_connected,1,28,7.473531007766724
fully_connected,1,29,7.841429948806763
fully_connected,1,30,8.264634847640991
fully_connected,2,1,0.4970219135284424
fully_connected,2,2,0.7078278064727783
fully_connected,2,3,0.9324827194213867
fully_connected,2,4,1.1366338729858398
fully_connected,2,5,1.44327974319458
fully_connected,2,6,1.7491967678070068
fully_connected,2,7,2.0552117824554443
fully_connected,2,8,2.264077663421631
fully_connected,2,9,2.470165967941284
fully_connected,2,10,2.6882576942443848
fully_connected,2,11,2.9961578845977783
fully_connected,2,12,3.314302921295166
fully_connected,2,13,3.6777007579803467
fully_connected,2,14,4.062621831893921
fully_connected,2,15,4.266972780227661
fully_connected,2,16,4.4688026905059814
fully_connected,2,17,4.773755788803101
fully_connected,2,18,5.0788867473602295
fully_connected,2,19,5.384711980819702
fully_connected,2,20,5.592228889465332
fully_connected,2,21,5.806634902954102
fully_connected,2,22,6.019805908203125
fully_connected,2,23,6.326193809509277
fully_connected,2,24,6.6321258544921875
fully_connected,2,25,6.938115835189819
fully_connected,2,26,7.143671751022339
fully_connected,2,27,7.376229763031006
fully_connected,2,28,7.586998701095581
fully_connected,2,29,7.894301891326904
fully_connected,2,30,8.290202856063843
fully_connected,3,1,0.5019268989562988
fully_connected,3,2,0.7056887149810791
fully_connected,3,3,0.906761884689331
fully_connected,3,4,1.1089437007904053
fully_connected,3,5,1.415090799331665
fully_connected,3,6,1.7212259769439697
fully_connected,3,7,2.0259618759155273
fully_connected,3,8,2.2295658588409424
fully_connected,3,9,2.434199810028076
fully_connected,3,10,2.640446901321411
fully_connected,3,11,2.9567008018493652
fully_connected,3,12,3.261117935180664
fully_connected,3,13,3.6226508617401123
fully_connected,3,14,3.9531216621398926
fully_connected,3,15,4.1557886600494385
fully_connected,3,16,4.358189821243286
fully_connected,3,17,4.664048910140991
fully_connected,3,18,4.970613956451416
fully_connected,3,19,5.286880970001221
fully_connected,3,20,5.49497389793396
fully_connected,3,21,5.697319746017456
fully_connected,3,22,5.899346828460693
fully_connected,3,23,6.207295894622803
fully_connected,3,24,6.5131237506866455
fully_connected,3,25,6.819975852966309
fully_connected,3,26,7.030776739120483
fully_connected,3,27,7.234997987747192
fully_connected,3,28,7.449096918106079
fully_connected,3,29,7.758141756057739
fully_connected,3,30,8.156163692474365
fully_connected,4,1,0.4973161220550537
fully_connected,4,2,0.7095012664794922
fully_connected,4,3,0.9123492240905762
fully_connected,4,4,1.1159543991088867
fully_connected,4,5,1.4205882549285889
fully_connected,4,6,1.735964298248291
fully_connected,4,7,2.0412580966949463
fully_connected,4,8,2.249852180480957
fully_connected,4,9,2.452986240386963
fully_connected,4,10,2.663985252380371
fully_connected,4,11,2.9702091217041016
fully_connected,4,12,3.2765302658081055
fully_connected,4,13,3.5837161540985107
fully_connected,4,14,3.8201682567596436
fully_connected,4,15,4.033414363861084
fully_connected,4,16,4.2387473583221436
fully_connected,4,17,4.545319318771362
fully_connected,4,18,4.850842237472534
fully_connected,4,19,5.156452178955078
fully_connected,4,20,5.364171028137207
fully_connected,4,21,5.572787284851074
fully_connected,4,22,5.789438247680664
fully_connected,4,23,6.107270240783691
fully_connected,4,24,6.413165092468262
fully_connected,4,25,6.719457149505615
fully_connected,4,26,6.928093194961548
fully_connected,4,27,7.13228702545166
fully_connected,4,28,7.341210126876831
fully_connected,4,29,7.647678375244141
fully_connected,4,30,8.011354207992554
fully_connected,5,1,0.5279490947723389
fully_connected,5,2,0.7451210021972656
fully_connected,5,3,0.9477660655975342
fully_connected,5,4,1.15525221824646
fully_connected,5,5,1.4600200653076172
fully_connected,5,6,1.765470266342163
fully_connected,5,7,2.1038050651550293
fully_connected,5,8,2.3085689544677734
fully_connected,5,9,2.5216140747070312
fully_connected,5,10,2.73443603515625
fully_connected,5,11,3.0406930446624756
fully_connected,5,12,3.3463070392608643
fully_connected,5,13,3.6558492183685303
fully_connected,5,14,3.899419069290161
fully_connected,5,15,4.107195138931274
fully_connected,5,16,4.31854510307312
fully_connected,5,17,4.623632192611694
fully_connected,5,18,4.941339015960693
fully_connected,5,19,5.249283075332642
fully_connected,5,20,5.45806884765625
fully_connected,5,21,5.6754982471466064
fully_connected,5,22,5.887807130813599
fully_connected,5,23,6.193838119506836
fully_connected,5,24,6.500951051712036
fully_connected,5,25,6.809063196182251
fully_connected,5,26,7.024476051330566
fully_connected,5,27,7.23547887802124
fully_connected,5,28,7.441186904907227
fully_connected,5,29,7.746837854385376
fully_connected,5,30,8.110424041748047
fully_connected,6,1,0.5292868614196777
fully_connected,6,2,0.7381317615509033
fully_connected,6,3,0.9525618553161621
fully_connected,6,4,1.1617047786712646
fully_connected,6,5,1.4797790050506592
fully_connected,6,6,1.7866148948669434
fully_connected,6,7,2.0936808586120605
fully_connected,6,8,2.300745964050293
fully_connected,6,9,2.5086188316345215
fully_connected,6,10,2.713381767272949
fully_connected,6,11,3.0192949771881104
fully_connected,6,12,3.326335906982422
fully_connected,6,13,3.6445658206939697
fully_connected,6,14,3.8514678478240967
fully_connected,6,15,4.225456714630127
fully_connected,6,16,4.4342429637908936
fully_connected,6,17,4.739500045776367
fully_connected,6,18,5.046583890914917
fully_connected,6,19,5.353604793548584
fully_connected,6,20,5.558597803115845
fully_connected,6,21,5.77048397064209
fully_connected,6,22,5.979910850524902
fully_connected,6,23,6.283759117126465
fully_connected,6,24,6.589735746383667
fully_connected,6,25,6.896585941314697
fully_connected,6,26,7.099040985107422
fully_connected,6,27,7.299812078475952
fully_connected,6,28,7.50724196434021
fully_connected,6,29,7.822371006011963
fully_connected,6,30,8.12874174118042
fully_connected,7,1,0.5261678695678711
fully_connected,7,2,0.7307488918304443
fully_connected,7,3,0.9382967948913574
fully_connected,7,4,1.1469857692718506
fully_connected,7,5,1.4511997699737549
fully_connected,7,6,1.7550818920135498
fully_connected,7,7,2.062063694000244
fully_connected,7,8,2.2767066955566406
fully_connected,7,9,2.4805307388305664
fully_connected,7,10,2.686952829360962
fully_connected,7,11,2.9931488037109375
fully_connected,7,12,3.299480676651001
fully_connected,7,13,3.604806900024414
fully_connected,7,14,3.81145977973938
fully_connected,7,15,4.1553709506988525
fully_connected,7,16,4.372711896896362
fully_connected,7,17,4.679196834564209
fully_connected,7,18,4.986287832260132
fully_connected,7,19,5.294132947921753
fully_connected,7,20,5.53413987159729
fully_connected,7,21,5.754645824432373
fully_connected,7,22,5.961222887039185
fully_connected,7,23,6.267189979553223
fully_connected,7,24,6.573426723480225
fully_connected,7,25,6.892126798629761
fully_connected,7,26,7.100389719009399
fully_connected,7,27,7.306137800216675
fully_connected,7,28,7.51480770111084
fully_connected,7,29,7.821290969848633
fully_connected,7,30,8.128727912902832
fully_connected,8,1,0.5363461971282959
fully_connected,8,2,0.7429170608520508
fully_connected,8,3,0.9576709270477295
fully_connected,8,4,1.166226863861084
fully_connected,8,5,1.4745380878448486
fully_connected,8,6,1.7831990718841553
fully_connected,8,7,2.089801073074341
fully_connected,8,8,2.302428960800171
fully_connected,8,9,2.5110700130462646
fully_connected,8,10,2.7177090644836426
fully_connected,8,11,3.0548229217529297
fully_connected,8,12,3.3728790283203125
fully_connected,8,13,3.6877119541168213
fully_connected,8,14,3.9058759212493896
fully_connected,8,15,4.151432991027832
fully_connected,8,16,4.366479158401489
fully_connected,8,17,4.673771142959595
fully_connected,8,18,4.98028302192688
fully_connected,8,19,5.287684202194214
fully_connected,8,20,5.5069591999053955
fully_connected,8,21,5.720538854598999
fully_connected,8,22,5.9281840324401855
fully_connected,8,23,6.235073089599609
fully_connected,8,24,6.541341066360474
fully_connected,8,25,6.849476099014282
fully_connected,8,26,7.052808046340942
fully_connected,8,27,7.2591869831085205
fully_connected,8,28,7.4738171100616455
fully_connected,8,29,7.780964136123657
fully_connected,8,30,8.089843988418579
fully_connected,9,1,0.5292630195617676
fully_connected,9,2,0.7316348552703857
fully_connected,9,3,0.9352109432220459
fully_connected,9,4,1.142756700515747
fully_connected,9,5,1.4500768184661865
fully_connected,9,6,1.7675528526306152
fully_connected,9,7,2.0762507915496826
fully_connected,9,8,2.2812259197235107
fully_connected,9,9,2.4963860511779785
fully_connected,9,10,2.7070038318634033
fully_connected,9,11,3.014342784881592
fully_connected,9,12,3.320502996444702
fully_connected,9,13,3.6273200511932373
fully_connected,9,14,3.8500537872314453
fully_connected,9,15,4.10596776008606
fully_connected,9,16,4.311724901199341
fully_connected,9,17,4.618672847747803
fully_connected,9,18,4.926653861999512
fully_connected,9,19,5.2340428829193115
fully_connected,9,20,5.47372579574585
fully_connected,9,21,5.683185815811157
fully_connected,9,22,5.892961025238037
fully_connected,9,23,6.210320711135864
fully_connected,9,24,6.5187036991119385
fully_connected,9,25,6.826459884643555
fully_connected,9,26,7.039110898971558
fully_connected,9,27,7.245944023132324
fully_connected,9,28,7.4477739334106445
fully_connected,9,29,7.754514932632446
fully_connected,9,30,8.061325073242188
